-- @ Code   : Pour SQL Oracle Database 21c
-- @ Auteur : Patrick Saint-Louis 
-- @ Date   : 2024


--1-INSERT RECORDS INTO TABLES USING SQL
--1-AJOUTER DES ENREGISTREMENTS DANS DES TABLES EN UTILISANT SQL

--Insert one row in table COURS
--Inserer une ligne dans la table COURS
INSERT INTO Cours (Code_Cours, Titre, Description, Langue, Duree)
VALUES ('FRANCAIS0','FRANCAIS NIVEAU 0','INTRODUCTION','Francais', 30);

--Confirm insert
--Confirmer l'insertion
SELECT * FROM Cours;

--Insert one row in table CODE_VILLE_PROVINCE
--Inserer une ligne dans la table CODE_VILLE_PROVINCE
INSERT INTO Code_Ville_Province 
VALUES ('H1S1N1','Montréal','Québec');

--Confirm insert
--Confirmer l'insertion
SELECT * FROM Code_Ville_Province;


--Insert two rows in table COURS
--Inserer deux lignes dans la table COURS
INSERT ALL 
    INTO Cours (Code_Cours, Titre, Description, Langue, Duree)
    VALUES ('ENGLISH0','ENGLISH LEVEL 0','INTRODUCTION','English', 30)  
    INTO Cours (Code_Cours, Titre, Description, Langue, Duree) 
    VALUES ('ESPANOL0','ESPANOL NIVEL 0','INTRODUCCION','Espanol', 30) 
SELECT * FROM DUAL;

--Confirm insert
--Confirmer l'insertion
SELECT * FROM Cours;



--Insert three row in table SEMESTRE
--Inserer trois lignes dans la table SEMESTRE
INSERT ALL 
    INTO Semestre (Saison, Date_Debut, Date_Fin)
    VALUES ('Automne', TO_DATE('25-08-2024','DD-MM-YYYY'), TO_DATE('09-12-2024','DD-MM-YYYY'))  
    INTO Semestre (Saison, Date_Debut, Date_Fin)
    VALUES ('Eté', TO_DATE('10-05-2024','DD-MM-YYYY'),	TO_DATE('04-08-2024','DD-MM-YYYY'))
    INTO Semestre (Saison, Date_Debut, Date_Fin)
    VALUES ('Hiver', TO_DATE('10-01-2024','DD-MM-YYYY'),	TO_DATE('03-05-2024','DD-MM-YYYY')) 
SELECT * FROM DUAL;

--Confirm insert
--Confirmer l'insertion
SELECT * FROM Semestre;



--2-INSERT RECORDS INTO TABLES USING THE FILE IMPORT FUNCTION
--2-AJOUTER DES ENREGISTREMENTS DANS DES TABLES EN UTILISANT LA FONCTIONNALITE D'IMPORTATION D'UN FICHIER
--HOWEVER, THE CODE CORRESPONDING TO THE RECORDS TO BE ADDED IS ADDED BELOW
--TOUTEFOIS, LE CODE SQL CORRESPONDANT AUX LIGNES A IMPORTANT EST AJOUTE CI-DESSOUS

--Insert multiple rows in table COURS
--Inserer plusieurs lignes dans la table COURS
--Row 1
INSERT INTO COURS (CODE_COURS, TITRE, DESCRIPTION, LANGUE, DUREE) VALUES ('FRANCAIS1','FRANCAIS NIVEAU 1 ','CONVERSATION','Francais',60);
--Row 2
INSERT INTO COURS (CODE_COURS, TITRE, DESCRIPTION, LANGUE, DUREE) VALUES ('FRANCAIS2','FRANCAIS NIVEAU 2 ','ECRITURE','Francais',90);
--Row 3
INSERT INTO COURS (CODE_COURS, TITRE, DESCRIPTION, LANGUE, DUREE) VALUES ('FRANCAIS3','FRANCAIS NIVEAU 3','SPEECH','Francais',90);
--Row 4
INSERT INTO COURS (CODE_COURS, TITRE, DESCRIPTION, LANGUE, DUREE) VALUES ('ENGLISH1','ENGLISH LEVEL 1','SPEAKING','English',30);
--Row 5
INSERT INTO COURS (CODE_COURS, TITRE, DESCRIPTION, LANGUE, DUREE) VALUES ('ENGLISH2','ENGLISH LEVEL 2','WRITING','English',60);
--Row 6
INSERT INTO COURS (CODE_COURS, TITRE, DESCRIPTION, LANGUE, DUREE) VALUES ('ENGLISH3','ENGLISH LEVEL 3','SPEECH','English',90);
--Row 7
INSERT INTO COURS (CODE_COURS, TITRE, DESCRIPTION, LANGUE, DUREE) VALUES ('ESPANOL1','ESPANOL NIVEL 1','HABLAR','Espanol',90);
--Row 8
INSERT INTO COURS (CODE_COURS, TITRE, DESCRIPTION, LANGUE, DUREE) VALUES ('ESPANOL2','ESPANOL NIVEL 2','ESCRIBIR','Espanol',60);
--Row 9
INSERT INTO COURS (CODE_COURS, TITRE, DESCRIPTION, LANGUE, DUREE) VALUES ('ESPANOL3','ESPANOL NIVEL 3','SPEECH','Espanol',90);


--Insert multiple rows in table SEMESTRE
--Inserer plusieurs lignes dans la table SEMESTRE
--Row 1
INSERT INTO SEMESTRE (SAISON, DATE_DEBUT, DATE_FIN) VALUES ('Automne',to_date('08/21/2023', 'MM/DD/RRRR'),to_date('12/11/2023', 'MM/DD/RRRR'));
--Row 2
INSERT INTO SEMESTRE (SAISON, DATE_DEBUT, DATE_FIN) VALUES ('Eté',to_date('05/11/2023', 'MM/DD/RRRR'),to_date('08/02/2023', 'MM/DD/RRRR'));
--Row 3
INSERT INTO SEMESTRE (SAISON, DATE_DEBUT, DATE_FIN) VALUES ('Hiver',to_date('01/12/2023', 'MM/DD/RRRR'),to_date('05/05/2023', 'MM/DD/RRRR'));
--Row 4
INSERT INTO SEMESTRE (SAISON, DATE_DEBUT, DATE_FIN) VALUES ('Automne',to_date('08/16/2022', 'MM/DD/RRRR'),to_date('12/07/2022', 'MM/DD/RRRR'));
--Row 5
INSERT INTO SEMESTRE (SAISON, DATE_DEBUT, DATE_FIN) VALUES ('Eté',to_date('05/09/2022', 'MM/DD/RRRR'),to_date('08/12/2022', 'MM/DD/RRRR'));
--Row 6
INSERT INTO SEMESTRE (SAISON, DATE_DEBUT, DATE_FIN) VALUES ('Hiver',to_date('01/15/2022', 'MM/DD/RRRR'),to_date('05/14/2022', 'MM/DD/RRRR'));



--Insert multiple rows in table CODE_VILLE_PROVINCE
--Inserer plusieurs lignes dans la table CODE_VILLE_PROVINCE
--Row 1
INSERT INTO CODE_VILLE_PROVINCE (CODE_POSTAL, VILLE, PROVINCE) VALUES ('H1L1T1','Montréal','Québec');
--Row 2
INSERT INTO CODE_VILLE_PROVINCE (CODE_POSTAL, VILLE, PROVINCE) VALUES ('H7A2G4','Laval','Québec');
--Row 3
INSERT INTO CODE_VILLE_PROVINCE (CODE_POSTAL, VILLE, PROVINCE) VALUES ('J4G5H2','Longueuil','Québec');
--Row 4
INSERT INTO CODE_VILLE_PROVINCE (CODE_POSTAL, VILLE, PROVINCE) VALUES ('J1C4R5','Shrebrooke','Québec');
--Row 5
INSERT INTO CODE_VILLE_PROVINCE (CODE_POSTAL, VILLE, PROVINCE) VALUES ('H1M3T2','Montréal','Québec');
--Row 6
INSERT INTO CODE_VILLE_PROVINCE (CODE_POSTAL, VILLE, PROVINCE) VALUES ('H7A6S4','Laval','Québec');
--Row 7
INSERT INTO CODE_VILLE_PROVINCE (CODE_POSTAL, VILLE, PROVINCE) VALUES ('J4G2I2','Longueuil','Québec');
--Row 8
INSERT INTO CODE_VILLE_PROVINCE (CODE_POSTAL, VILLE, PROVINCE) VALUES ('J1C7V5','Shrebrooke','Québec');
--Row 9
INSERT INTO CODE_VILLE_PROVINCE (CODE_POSTAL, VILLE, PROVINCE) VALUES ('H1M9S5','Montréal','Québec');
--Row 10
INSERT INTO CODE_VILLE_PROVINCE (CODE_POSTAL, VILLE, PROVINCE) VALUES ('H7A1T1','Laval','Québec');
--Row 11
INSERT INTO CODE_VILLE_PROVINCE (CODE_POSTAL, VILLE, PROVINCE) VALUES ('J4G8L1','Longueuil','Québec');
--Row 12
INSERT INTO CODE_VILLE_PROVINCE (CODE_POSTAL, VILLE, PROVINCE) VALUES ('J1C8N5','Shrebrooke','Québec');
--Row 13
INSERT INTO CODE_VILLE_PROVINCE (CODE_POSTAL, VILLE, PROVINCE) VALUES ('H1M4F8','Montréal','Québec');
--Row 14
INSERT INTO CODE_VILLE_PROVINCE (CODE_POSTAL, VILLE, PROVINCE) VALUES ('J4X2I9','Longueuil','Québec');



--Insert multiple rows in table INSTRUCTEUR
--Inserer plusieurs lignes dans la table INSTRUCTEUR
--Row 1
INSERT INTO INSTRUCTEUR (ID_INSTRUCTEUR, CIVILITE, PRENOM, NOM, DATE_NAISSANCE, TELEPHONE, COURRIEL, ADRESSE, CODE_POSTAL) VALUES ('JONDOE19800702AB','Monsieur','Jon','Doe',to_date('09/09/1978', 'MM/DD/RRRR'),'514-000-0001','jondoe@jd.ca','2 Rue des Fleurs','J1C8N5');
--Row 2
INSERT INTO INSTRUCTEUR (ID_INSTRUCTEUR, CIVILITE, PRENOM, NOM, DATE_NAISSANCE, TELEPHONE, COURRIEL, ADRESSE, CODE_POSTAL) VALUES ('JANEROE20001010DF','Madame','Jane','Roe',to_date('03/23/1990', 'MM/DD/RRRR'),'514-000-0002','janeroe@jr.com','3 Rue du Sourire','J4G8L1');
--Row 3
INSERT INTO INSTRUCTEUR (ID_INSTRUCTEUR, CIVILITE, PRENOM, NOM, DATE_NAISSANCE, TELEPHONE, COURRIEL, ADRESSE, CODE_POSTAL) VALUES ('BABYDOE20041203XY',NULL,'Baby','Doe',to_date('01/04/1995', 'MM/DD/RRRR'),'514-000-0003','babydoe@bd.ca','99 rue des Neufs ','H1L1T1');
--Row 4
INSERT INTO INSTRUCTEUR (ID_INSTRUCTEUR, CIVILITE, PRENOM, NOM, DATE_NAISSANCE, TELEPHONE, COURRIEL, ADRESSE, CODE_POSTAL) VALUES ('JOEBLOGGS19991009JK','Monsieur','Joe ','Bloggs',to_date('05/11/1985', 'MM/DD/RRRR'),'514-000-0004','joebloggs@jb.com','10 Avenue de Bien-Etre','H7A1T1');
--Row 5
INSERT INTO INSTRUCTEUR (ID_INSTRUCTEUR, CIVILITE, PRENOM, NOM, DATE_NAISSANCE, TELEPHONE, COURRIEL, ADRESSE, CODE_POSTAL) VALUES ('JANETBOE19810404XL','Madame','Janet','Boe',to_date('04/30/1992', 'MM/DD/RRRR'),'514-000-0005','janetboe@jb.jb','99 rue des Neufs ','H1L1T1');


--Insert multiple rows in table ETUDIANT
--Inserer plusieurs lignes dans la table ETUDIANT
--Row 1
INSERT INTO ETUDIANT (ID_ETUDIANT, CIVILITE, PRENOM, NOM, DATE_NAISSANCE, COURRIEL, ADRESSE, CODE_POSTAL) VALUES ('SONICHED200605ST','Monsieur ','Sonic ','Hedgehog',to_date('05/05/2006', 'MM/DD/RRRR'),'sonich2006@gmail.com','99 rue des Neufs ','H1L1T1');
--Row 2
INSERT INTO ETUDIANT (ID_ETUDIANT, CIVILITE, PRENOM, NOM, DATE_NAISSANCE, COURRIEL, ADRESSE, CODE_POSTAL) VALUES ('KNUCKLESECH2006Z',NULL,'Knuckles ','Echidna',to_date('12/12/2006', 'MM/DD/RRRR'),'knucklesechidna@yahoo.com','33 rue des Trois ','H7A2G4');
--Row 3
INSERT INTO ETUDIANT (ID_ETUDIANT, CIVILITE, PRENOM, NOM, DATE_NAISSANCE, COURRIEL, ADRESSE, CODE_POSTAL) VALUES ('TAILSFOX200509ML','Madame','Tails ','Fox',to_date('09/11/2005', 'MM/DD/RRRR'),'tailsfox@microsoft.com','66 rue des Six ','J4G5H2');
--Row 4
INSERT INTO ETUDIANT (ID_ETUDIANT, CIVILITE, PRENOM, NOM, DATE_NAISSANCE, COURRIEL, ADRESSE, CODE_POSTAL) VALUES ('BOTNIC2004EFFGT','Monsieur ','Robot ','Nic',to_date('11/11/2004', 'MM/DD/RRRR'),'robotnic@icloud.com','55 rue des Cinqs ','J1C4R5');
--Row 5
INSERT INTO ETUDIANT (ID_ETUDIANT, CIVILITE, PRENOM, NOM, DATE_NAISSANCE, COURRIEL, ADRESSE, CODE_POSTAL) VALUES ('CKEYMOUSE2030S','Monsieur ','Mickey ','Mouse',to_date('12/12/2006', 'MM/DD/RRRR'),'mickeymouse@mail.com','675 Avenue de la joie','H7A6S4');
--Row 6
INSERT INTO ETUDIANT (ID_ETUDIANT, CIVILITE, PRENOM, NOM, DATE_NAISSANCE, COURRIEL, ADRESSE, CODE_POSTAL) VALUES ('NALDDUCK3098XA','Monsieur ','Donald','Duck',to_date('03/09/2000', 'MM/DD/RRRR'),'donaldduck@hotmail.com','1 Avenue des Premiers','J4G2I2');
--Row 7
INSERT INTO ETUDIANT (ID_ETUDIANT, CIVILITE, PRENOM, NOM, DATE_NAISSANCE, COURRIEL, ADRESSE, CODE_POSTAL) VALUES ('ISYDUCK9090LTBC','Madame','Daisy','Duck',to_date('03/07/1995', 'MM/DD/RRRR'),'daisyduck@wanadoo.com','3 Boulevard du Bonheur','J1C7V5');
--Row 8
INSERT INTO ETUDIANT (ID_ETUDIANT, CIVILITE, PRENOM, NOM, DATE_NAISSANCE, COURRIEL, ADRESSE, CODE_POSTAL) VALUES ('INNIEMOUSE23SF','Madame','Minnie','Mouse',to_date('08/29/2004', 'MM/DD/RRRR'),'minniemouse@gmail.com','66 rue des Six ','J4G5H2');
--Row 9
INSERT INTO ETUDIANT (ID_ETUDIANT, CIVILITE, PRENOM, NOM, DATE_NAISSANCE, COURRIEL, ADRESSE, CODE_POSTAL) VALUES ('NDOE20342334RE',NULL,'Jon','Doe',to_date('06/23/2004', 'MM/DD/RRRR'),'jondoe@mmail.com','2 Boulevard du Bonheur','J1C7V5');
--Row 10
INSERT INTO ETUDIANT (ID_ETUDIANT, CIVILITE, PRENOM, NOM, DATE_NAISSANCE, COURRIEL, ADRESSE, CODE_POSTAL) VALUES ('NEBLOGGS234STV',NULL,'Jane','Bloggs',to_date('01/28/2006', 'MM/DD/RRRR'),'janebloggs@severmail.com','36 rue des Trois ','H1M3T2');
--Row 11
INSERT INTO ETUDIANT (ID_ETUDIANT, CIVILITE, PRENOM, NOM, DATE_NAISSANCE, COURRIEL, ADRESSE, CODE_POSTAL) VALUES ('AHEDOUARD234Z',NULL,'Noah','Edouard',to_date('11/11/2004', 'MM/DD/RRRR'),'noahedouard@infomail.com','345 Confidence Avenue','H7A6S4');
--Row 12
INSERT INTO ETUDIANT (ID_ETUDIANT, CIVILITE, PRENOM, NOM, DATE_NAISSANCE, COURRIEL, ADRESSE, CODE_POSTAL) VALUES ('NNYFERDIAM23X','Madame','Jennyfer','Diament',to_date('08/25/1998', 'MM/DD/RRRR'),'jennyferdiament@icloud.com','66 rue des Six ','J4G5H2');
--Row 13
INSERT INTO ETUDIANT (ID_ETUDIANT, CIVILITE, PRENOM, NOM, DATE_NAISSANCE, COURRIEL, ADRESSE, CODE_POSTAL) VALUES ('AMJACOB2345YTD','Monsieur ','Liam','Jacob',to_date('10/08/2000', 'MM/DD/RRRR'),'liamjacob@mmail.com','10 Avenue des Premiers','J4G2I2');
--Row 14
INSERT INTO ETUDIANT (ID_ETUDIANT, CIVILITE, PRENOM, NOM, DATE_NAISSANCE, COURRIEL, ADRESSE, CODE_POSTAL) VALUES ('OLOUIS2356DEFTS','Monsieur ','Léo','Louis',to_date('12/18/1988', 'MM/DD/RRRR'),'leolouis@wanadoo.com','3 Boulevard du Bonheur','J1C7V5');
--Row 15
INSERT INTO ETUDIANT (ID_ETUDIANT, CIVILITE, PRENOM, NOM, DATE_NAISSANCE, COURRIEL, ADRESSE, CODE_POSTAL) VALUES ('OMASNATHAN200F','Monsieur ','Thomas','Nathan',to_date('03/28/1980', 'MM/DD/RRRR'),'thomasnathan@caramail.com','9 Hapiness Street','H1M9S5');
--Row 16
INSERT INTO ETUDIANT (ID_ETUDIANT, CIVILITE, PRENOM, NOM, DATE_NAISSANCE, COURRIEL, ADRESSE, CODE_POSTAL) VALUES ('LLIAMARTHUR984A','Monsieur ','William','Arthur',to_date('02/14/2004', 'MM/DD/RRRR'),'williamarthur@microsoft.com','4 Cool Avenue','H7A6S4');
--Row 17
INSERT INTO ETUDIANT (ID_ETUDIANT, CIVILITE, PRENOM, NOM, DATE_NAISSANCE, COURRIEL, ADRESSE, CODE_POSTAL) VALUES ('ICECHARLOTTE23J','Madame','Alice','Charlotte',to_date('04/12/1975', 'MM/DD/RRRR'),'alicecharlotte@mmail.com','32 Love Boulevard','J4X2I9');
--Row 18
INSERT INTO ETUDIANT (ID_ETUDIANT, CIVILITE, PRENOM, NOM, DATE_NAISSANCE, COURRIEL, ADRESSE, CODE_POSTAL) VALUES ('ORENCELIVIA937W','Madame','Florence','Livia',to_date('11/11/2004', 'MM/DD/RRRR'),'florencelivia@yahoo.com','92 Avenue des Amours','H1M4F8');
--Row 19
INSERT INTO ETUDIANT (ID_ETUDIANT, CIVILITE, PRENOM, NOM, DATE_NAISSANCE, COURRIEL, ADRESSE, CODE_POSTAL) VALUES ('MMALEA1593DEFU',NULL,'Emma','Léa',to_date('03/09/2000', 'MM/DD/RRRR'),'emmalea@yahoo.com','666 Avenue de la joie','H7A6S4');
--Row 20
INSERT INTO ETUDIANT (ID_ETUDIANT, CIVILITE, PRENOM, NOM, DATE_NAISSANCE, COURRIEL, ADRESSE, CODE_POSTAL) VALUES ('IVIABEATRICE285X',NULL,'Olivia','Roe',to_date('12/12/2006', 'MM/DD/RRRR'),'oliviabeatrice@gmail.com','19 Avenue des Premiers','J4G2I2');
--Row 21
INSERT INTO ETUDIANT (ID_ETUDIANT, CIVILITE, PRENOM, NOM, DATE_NAISSANCE, COURRIEL, ADRESSE, CODE_POSTAL) VALUES ('ARLIEARGENT216T','Madame','Charlie','Argent',to_date('08/28/2003', 'MM/DD/RRRR'),'charlieargent@yahoo.com','23 Boulevard du Bonheur','J1C7V5');
--Row 22
INSERT INTO ETUDIANT (ID_ETUDIANT, CIVILITE, PRENOM, NOM, DATE_NAISSANCE, COURRIEL, ADRESSE, CODE_POSTAL) VALUES ('LIETTEOR2745GHT','Madame','Juliette','Or',to_date('01/04/1995', 'MM/DD/RRRR'),'julietteor@caramail.com','65 rue des Six ','J4G5H2');


--Insert multiple rows in table COURS_SEMESTRE
--Inserer plusieurs lignes dans la table COURS_SEMESTRE
--Row 1
INSERT INTO COURS_SEMESTRE (ID_COURS_OFFERT, CODE_COURS, ID_SEMESTRE) VALUES ('EN1-H22-GROUP1','ENGLISH1','Hiver2022');
--Row 2
INSERT INTO COURS_SEMESTRE (ID_COURS_OFFERT, CODE_COURS, ID_SEMESTRE) VALUES ('EN2-A22-GROUP1','ENGLISH2','Automne2022');
--Row 3
INSERT INTO COURS_SEMESTRE (ID_COURS_OFFERT, CODE_COURS, ID_SEMESTRE) VALUES ('EN2-H22-GROUP1','ENGLISH2','Hiver2022');
--Row 4
INSERT INTO COURS_SEMESTRE (ID_COURS_OFFERT, CODE_COURS, ID_SEMESTRE) VALUES ('EN3-E22-GROUP1','ENGLISH3','Eté2022');
--Row 5
INSERT INTO COURS_SEMESTRE (ID_COURS_OFFERT, CODE_COURS, ID_SEMESTRE) VALUES ('EN2-H23-GROUP1','ENGLISH2','Hiver2023');
--Row 6
INSERT INTO COURS_SEMESTRE (ID_COURS_OFFERT, CODE_COURS, ID_SEMESTRE) VALUES ('EN3-A23-GROUP1','ENGLISH3','Automne2023');
--Row 7
INSERT INTO COURS_SEMESTRE (ID_COURS_OFFERT, CODE_COURS, ID_SEMESTRE) VALUES ('ES1-E23-GROUP1','ESPANOL1','Eté2023');
--Row 8
INSERT INTO COURS_SEMESTRE (ID_COURS_OFFERT, CODE_COURS, ID_SEMESTRE) VALUES ('ES1-H22-GROUP1','ESPANOL1','Hiver2022');
--Row 9
INSERT INTO COURS_SEMESTRE (ID_COURS_OFFERT, CODE_COURS, ID_SEMESTRE) VALUES ('ES2-A22-GROUP1','ESPANOL2','Automne2022');
--Row 10
INSERT INTO COURS_SEMESTRE (ID_COURS_OFFERT, CODE_COURS, ID_SEMESTRE) VALUES ('FR1-E22-GROUP1','FRANCAIS1','Eté2022');
--Row 11
INSERT INTO COURS_SEMESTRE (ID_COURS_OFFERT, CODE_COURS, ID_SEMESTRE) VALUES ('FR1-H22-GROUP1','FRANCAIS1','Hiver2022');
--Row 12
INSERT INTO COURS_SEMESTRE (ID_COURS_OFFERT, CODE_COURS, ID_SEMESTRE) VALUES ('FR1-H22-GROUP2','FRANCAIS1','Hiver2022');
--Row 13
INSERT INTO COURS_SEMESTRE (ID_COURS_OFFERT, CODE_COURS, ID_SEMESTRE) VALUES ('FR2-A22-GROUP1','FRANCAIS2','Automne2022');
--Row 14
INSERT INTO COURS_SEMESTRE (ID_COURS_OFFERT, CODE_COURS, ID_SEMESTRE) VALUES ('FR2-A22-GROUP2','FRANCAIS2','Automne2022');
--Row 15
INSERT INTO COURS_SEMESTRE (ID_COURS_OFFERT, CODE_COURS, ID_SEMESTRE) VALUES ('FR2-H23-GROUP1','FRANCAIS2','Hiver2023');
--Row 16
INSERT INTO COURS_SEMESTRE (ID_COURS_OFFERT, CODE_COURS, ID_SEMESTRE) VALUES ('FR3-A22-GROUP1','FRANCAIS3','Automne2022');
--Row 17
INSERT INTO COURS_SEMESTRE (ID_COURS_OFFERT, CODE_COURS, ID_SEMESTRE) VALUES ('FR3-A23-GROUP1','FRANCAIS3','Automne2023');


--Insert multiple rows in table AFFECTATION
--Inserer plusieurs lignes dans la table AFFECTATION
--Row 1
INSERT INTO AFFECTATION (ID_INSTRUCTEUR, ID_COURS_OFFERT, DATE_AFFECTATION) VALUES ('JANEROE20001010DF','EN1-H22-GROUP1',to_date('11/01/2021', 'MM/DD/RRRR'));
--Row 2
INSERT INTO AFFECTATION (ID_INSTRUCTEUR, ID_COURS_OFFERT, DATE_AFFECTATION) VALUES ('BABYDOE20041203XY','EN2-H22-GROUP1',to_date('06/01/2022', 'MM/DD/RRRR'));
--Row 3
INSERT INTO AFFECTATION (ID_INSTRUCTEUR, ID_COURS_OFFERT, DATE_AFFECTATION) VALUES ('JONDOE19800702AB','EN3-A23-GROUP1',to_date('06/04/2023', 'MM/DD/RRRR'));
--Row 4
INSERT INTO AFFECTATION (ID_INSTRUCTEUR, ID_COURS_OFFERT, DATE_AFFECTATION) VALUES ('BABYDOE20041203XY','EN3-E22-GROUP1',to_date('06/01/2022', 'MM/DD/RRRR'));
--Row 5
INSERT INTO AFFECTATION (ID_INSTRUCTEUR, ID_COURS_OFFERT, DATE_AFFECTATION) VALUES ('JANEROE20001010DF','ES1-E23-GROUP1',to_date('04/04/2023', 'MM/DD/RRRR'));
--Row 6
INSERT INTO AFFECTATION (ID_INSTRUCTEUR, ID_COURS_OFFERT, DATE_AFFECTATION) VALUES ('JANEROE20001010DF','ES1-H22-GROUP1',to_date('11/01/2021', 'MM/DD/RRRR'));
--Row 7
INSERT INTO AFFECTATION (ID_INSTRUCTEUR, ID_COURS_OFFERT, DATE_AFFECTATION) VALUES ('JOEBLOGGS19991009JK','ES2-A22-GROUP1',to_date('06/01/2022', 'MM/DD/RRRR'));
--Row 8
INSERT INTO AFFECTATION (ID_INSTRUCTEUR, ID_COURS_OFFERT, DATE_AFFECTATION) VALUES ('JANEROE20001010DF','FR1-E22-GROUP1',to_date('04/01/2022', 'MM/DD/RRRR'));
--Row 9
INSERT INTO AFFECTATION (ID_INSTRUCTEUR, ID_COURS_OFFERT, DATE_AFFECTATION) VALUES ('JONDOE19800702AB','FR1-H22-GROUP1',to_date('11/01/2021', 'MM/DD/RRRR'));
--Row 10
INSERT INTO AFFECTATION (ID_INSTRUCTEUR, ID_COURS_OFFERT, DATE_AFFECTATION) VALUES ('JONDOE19800702AB','FR1-H22-GROUP2',to_date('11/01/2021', 'MM/DD/RRRR'));
--Row 11
INSERT INTO AFFECTATION (ID_INSTRUCTEUR, ID_COURS_OFFERT, DATE_AFFECTATION) VALUES ('JANEROE20001010DF','FR2-A22-GROUP1',to_date('06/01/2022', 'MM/DD/RRRR'));
--Row 12
INSERT INTO AFFECTATION (ID_INSTRUCTEUR, ID_COURS_OFFERT, DATE_AFFECTATION) VALUES ('JONDOE19800702AB','FR2-A22-GROUP2',to_date('06/01/2022', 'MM/DD/RRRR'));
--Row 13
INSERT INTO AFFECTATION (ID_INSTRUCTEUR, ID_COURS_OFFERT, DATE_AFFECTATION) VALUES ('JOEBLOGGS19991009JK','FR2-H23-GROUP1',to_date('11/04/2022', 'MM/DD/RRRR'));
--Row 14
INSERT INTO AFFECTATION (ID_INSTRUCTEUR, ID_COURS_OFFERT, DATE_AFFECTATION) VALUES ('JANEROE20001010DF','FR3-A22-GROUP1',to_date('06/01/2022', 'MM/DD/RRRR'));
--Row 15
INSERT INTO AFFECTATION (ID_INSTRUCTEUR, ID_COURS_OFFERT, DATE_AFFECTATION) VALUES ('BABYDOE20041203XY','FR3-A23-GROUP1',to_date('06/04/2023', 'MM/DD/RRRR'));


--Insert multiple rows in table INSCRIPTION
--Inserer plusieurs lignes dans la table INSCRIPTION
--Row 1
INSERT INTO INSCRIPTION (ID_ETUDIANT, ID_COURS_OFFERT, DATE_INSCRIPTION, STATUT) VALUES ('SONICHED200605ST','FR1-H22-GROUP1',to_date('11/15/2021', 'MM/DD/RRRR'),'Inscrit-Actif');
--Row 2
INSERT INTO INSCRIPTION (ID_ETUDIANT, ID_COURS_OFFERT, DATE_INSCRIPTION, STATUT) VALUES ('SONICHED200605ST','EN1-H22-GROUP1',to_date('11/15/2021', 'MM/DD/RRRR'),'Inscrit-Actif');
--Row 3
INSERT INTO INSCRIPTION (ID_ETUDIANT, ID_COURS_OFFERT, DATE_INSCRIPTION, STATUT) VALUES ('SONICHED200605ST','EN2-H22-GROUP1',to_date('11/15/2021', 'MM/DD/RRRR'),'Inscrit-Inactif');
--Row 4
INSERT INTO INSCRIPTION (ID_ETUDIANT, ID_COURS_OFFERT, DATE_INSCRIPTION, STATUT) VALUES ('SONICHED200605ST','ES1-E23-GROUP1',to_date('04/10/2023', 'MM/DD/RRRR'),'Inscrit-Inactif');
--Row 5
INSERT INTO INSCRIPTION (ID_ETUDIANT, ID_COURS_OFFERT, DATE_INSCRIPTION, STATUT) VALUES ('SONICHED200605ST','FR2-A22-GROUP1',to_date('06/17/2022', 'MM/DD/RRRR'),'Inscrit-Actif');
--Row 6
INSERT INTO INSCRIPTION (ID_ETUDIANT, ID_COURS_OFFERT, DATE_INSCRIPTION, STATUT) VALUES ('SONICHED200605ST','EN2-A22-GROUP1',to_date('06/17/2022', 'MM/DD/RRRR'),'Inscrit-Actif');
--Row 7
INSERT INTO INSCRIPTION (ID_ETUDIANT, ID_COURS_OFFERT, DATE_INSCRIPTION, STATUT) VALUES ('SONICHED200605ST','FR2-H23-GROUP1',to_date('11/17/2022', 'MM/DD/RRRR'),'Inscrit-Actif');
--Row 8
INSERT INTO INSCRIPTION (ID_ETUDIANT, ID_COURS_OFFERT, DATE_INSCRIPTION, STATUT) VALUES ('SONICHED200605ST','EN3-A23-GROUP1',to_date('06/13/2023', 'MM/DD/RRRR'),'Inscrit-Actif');
--Row 9
INSERT INTO INSCRIPTION (ID_ETUDIANT, ID_COURS_OFFERT, DATE_INSCRIPTION, STATUT) VALUES ('SONICHED200605ST','FR3-A23-GROUP1',to_date('06/13/2023', 'MM/DD/RRRR'),'Inscrit-Actif');
--Row 10
INSERT INTO INSCRIPTION (ID_ETUDIANT, ID_COURS_OFFERT, DATE_INSCRIPTION, STATUT) VALUES ('KNUCKLESECH2006Z','FR1-H22-GROUP2',to_date('11/15/2021', 'MM/DD/RRRR'),'Inscrit-Inactif');
--Row 11
INSERT INTO INSCRIPTION (ID_ETUDIANT, ID_COURS_OFFERT, DATE_INSCRIPTION, STATUT) VALUES ('KNUCKLESECH2006Z','EN1-H22-GROUP1',to_date('11/15/2021', 'MM/DD/RRRR'),'Inscrit-Actif');
--Row 12
INSERT INTO INSCRIPTION (ID_ETUDIANT, ID_COURS_OFFERT, DATE_INSCRIPTION, STATUT) VALUES ('KNUCKLESECH2006Z','FR1-E22-GROUP1',to_date('04/15/2022', 'MM/DD/RRRR'),'Inscrit-Actif');
--Row 13
INSERT INTO INSCRIPTION (ID_ETUDIANT, ID_COURS_OFFERT, DATE_INSCRIPTION, STATUT) VALUES ('KNUCKLESECH2006Z','FR2-A22-GROUP1',to_date('06/17/2022', 'MM/DD/RRRR'),'Inscrit-Actif');
--Row 14
INSERT INTO INSCRIPTION (ID_ETUDIANT, ID_COURS_OFFERT, DATE_INSCRIPTION, STATUT) VALUES ('KNUCKLESECH2006Z','FR2-H23-GROUP1',to_date('11/17/2022', 'MM/DD/RRRR'),'Inscrit-Actif');
--Row 15
INSERT INTO INSCRIPTION (ID_ETUDIANT, ID_COURS_OFFERT, DATE_INSCRIPTION, STATUT) VALUES ('KNUCKLESECH2006Z','FR3-A23-GROUP1',to_date('06/13/2023', 'MM/DD/RRRR'),'Désinscrit');
--Row 16
INSERT INTO INSCRIPTION (ID_ETUDIANT, ID_COURS_OFFERT, DATE_INSCRIPTION, STATUT) VALUES ('TAILSFOX200509ML','FR1-H22-GROUP2',to_date('11/15/2021', 'MM/DD/RRRR'),'Inscrit-Actif');
--Row 17
INSERT INTO INSCRIPTION (ID_ETUDIANT, ID_COURS_OFFERT, DATE_INSCRIPTION, STATUT) VALUES ('TAILSFOX200509ML','EN2-H22-GROUP1',to_date('11/15/2021', 'MM/DD/RRRR'),'Inscrit-Inactif');
--Row 18
INSERT INTO INSCRIPTION (ID_ETUDIANT, ID_COURS_OFFERT, DATE_INSCRIPTION, STATUT) VALUES ('TAILSFOX200509ML','FR2-A22-GROUP1',to_date('06/17/2022', 'MM/DD/RRRR'),'Inscrit-Actif');
--Row 19
INSERT INTO INSCRIPTION (ID_ETUDIANT, ID_COURS_OFFERT, DATE_INSCRIPTION, STATUT) VALUES ('TAILSFOX200509ML','EN2-A22-GROUP1',to_date('06/17/2022', 'MM/DD/RRRR'),'Inscrit-Actif');
--Row 20
INSERT INTO INSCRIPTION (ID_ETUDIANT, ID_COURS_OFFERT, DATE_INSCRIPTION, STATUT) VALUES ('TAILSFOX200509ML','FR3-A23-GROUP1',to_date('06/13/2023', 'MM/DD/RRRR'),'Inscrit-Actif');
--Row 21
INSERT INTO INSCRIPTION (ID_ETUDIANT, ID_COURS_OFFERT, DATE_INSCRIPTION, STATUT) VALUES ('TAILSFOX200509ML','EN3-A23-GROUP1',to_date('06/13/2023', 'MM/DD/RRRR'),'Inscrit-Actif');
--Row 22
INSERT INTO INSCRIPTION (ID_ETUDIANT, ID_COURS_OFFERT, DATE_INSCRIPTION, STATUT) VALUES ('BOTNIC2004EFFGT','ES1-H22-GROUP1',to_date('11/15/2021', 'MM/DD/RRRR'),'Inscrit-Actif');
--Row 23
INSERT INTO INSCRIPTION (ID_ETUDIANT, ID_COURS_OFFERT, DATE_INSCRIPTION, STATUT) VALUES ('BOTNIC2004EFFGT','ES2-A22-GROUP1',to_date('06/17/2022', 'MM/DD/RRRR'),'Inscrit-Actif');
--Row 24
INSERT INTO INSCRIPTION (ID_ETUDIANT, ID_COURS_OFFERT, DATE_INSCRIPTION, STATUT) VALUES ('CKEYMOUSE2030S','EN1-H22-GROUP1',to_date('11/15/2021', 'MM/DD/RRRR'),'Inscrit-Actif');
--Row 25
INSERT INTO INSCRIPTION (ID_ETUDIANT, ID_COURS_OFFERT, DATE_INSCRIPTION, STATUT) VALUES ('CKEYMOUSE2030S','EN2-A22-GROUP1',to_date('06/17/2022', 'MM/DD/RRRR'),'Inscrit-Actif');
--Row 26
INSERT INTO INSCRIPTION (ID_ETUDIANT, ID_COURS_OFFERT, DATE_INSCRIPTION, STATUT) VALUES ('CKEYMOUSE2030S','EN3-A23-GROUP1',to_date('06/23/2023', 'MM/DD/RRRR'),'Inscrit-Actif');
--Row 27
INSERT INTO INSCRIPTION (ID_ETUDIANT, ID_COURS_OFFERT, DATE_INSCRIPTION, STATUT) VALUES ('NALDDUCK3098XA','FR1-H22-GROUP1',to_date('11/15/2021', 'MM/DD/RRRR'),'Inscrit-Actif');
--Row 28
INSERT INTO INSCRIPTION (ID_ETUDIANT, ID_COURS_OFFERT, DATE_INSCRIPTION, STATUT) VALUES ('NALDDUCK3098XA','FR2-A22-GROUP1',to_date('06/17/2022', 'MM/DD/RRRR'),'Inscrit-Actif');
--Row 29
INSERT INTO INSCRIPTION (ID_ETUDIANT, ID_COURS_OFFERT, DATE_INSCRIPTION, STATUT) VALUES ('NALDDUCK3098XA','FR3-A23-GROUP1',to_date('06/23/2023', 'MM/DD/RRRR'),'Inscrit-Actif');
--Row 30
INSERT INTO INSCRIPTION (ID_ETUDIANT, ID_COURS_OFFERT, DATE_INSCRIPTION, STATUT) VALUES ('ISYDUCK9090LTBC','FR1-H22-GROUP2',to_date('11/15/2021', 'MM/DD/RRRR'),'Inscrit-Actif');
--Row 31
INSERT INTO INSCRIPTION (ID_ETUDIANT, ID_COURS_OFFERT, DATE_INSCRIPTION, STATUT) VALUES ('ISYDUCK9090LTBC','FR2-A22-GROUP2',to_date('06/21/2022', 'MM/DD/RRRR'),'Inscrit-Actif');
--Row 32
INSERT INTO INSCRIPTION (ID_ETUDIANT, ID_COURS_OFFERT, DATE_INSCRIPTION, STATUT) VALUES ('ISYDUCK9090LTBC','FR3-A23-GROUP1',to_date('06/23/2023', 'MM/DD/RRRR'),'Désinscrit');
--Row 33
INSERT INTO INSCRIPTION (ID_ETUDIANT, ID_COURS_OFFERT, DATE_INSCRIPTION, STATUT) VALUES ('INNIEMOUSE23SF','EN2-H22-GROUP1',to_date('11/17/2021', 'MM/DD/RRRR'),'Inscrit-Actif');
--Row 34
INSERT INTO INSCRIPTION (ID_ETUDIANT, ID_COURS_OFFERT, DATE_INSCRIPTION, STATUT) VALUES ('INNIEMOUSE23SF','EN3-E22-GROUP1',to_date('06/17/2022', 'MM/DD/RRRR'),'Inscrit-Actif');
--Row 35
INSERT INTO INSCRIPTION (ID_ETUDIANT, ID_COURS_OFFERT, DATE_INSCRIPTION, STATUT) VALUES ('NDOE20342334RE','EN2-H22-GROUP1',to_date('11/17/2021', 'MM/DD/RRRR'),'Inscrit-Actif');
--Row 36
INSERT INTO INSCRIPTION (ID_ETUDIANT, ID_COURS_OFFERT, DATE_INSCRIPTION, STATUT) VALUES ('NDOE20342334RE','EN3-A23-GROUP1',to_date('11/17/2022', 'MM/DD/RRRR'),'Inscrit-Actif');
--Row 37
INSERT INTO INSCRIPTION (ID_ETUDIANT, ID_COURS_OFFERT, DATE_INSCRIPTION, STATUT) VALUES ('NEBLOGGS234STV','EN2-H22-GROUP1',to_date('11/17/2021', 'MM/DD/RRRR'),'Inscrit-Actif');
--Row 38
INSERT INTO INSCRIPTION (ID_ETUDIANT, ID_COURS_OFFERT, DATE_INSCRIPTION, STATUT) VALUES ('NEBLOGGS234STV','EN3-A23-GROUP1',to_date('06/23/2023', 'MM/DD/RRRR'),'Inscrit-Actif');
--Row 39
INSERT INTO INSCRIPTION (ID_ETUDIANT, ID_COURS_OFFERT, DATE_INSCRIPTION, STATUT) VALUES ('AHEDOUARD234Z','EN2-H22-GROUP1',to_date('11/17/2021', 'MM/DD/RRRR'),'Inscrit-Actif');
--Row 40
INSERT INTO INSCRIPTION (ID_ETUDIANT, ID_COURS_OFFERT, DATE_INSCRIPTION, STATUT) VALUES ('AHEDOUARD234Z','EN3-E22-GROUP1',to_date('06/17/2022', 'MM/DD/RRRR'),'Inscrit-Actif');
--Row 41
INSERT INTO INSCRIPTION (ID_ETUDIANT, ID_COURS_OFFERT, DATE_INSCRIPTION, STATUT) VALUES ('NNYFERDIAM23X','FR1-E22-GROUP1',to_date('04/15/2022', 'MM/DD/RRRR'),'Inscrit-Actif');
--Row 42
INSERT INTO INSCRIPTION (ID_ETUDIANT, ID_COURS_OFFERT, DATE_INSCRIPTION, STATUT) VALUES ('NNYFERDIAM23X','FR2-A22-GROUP1',to_date('06/17/2022', 'MM/DD/RRRR'),'Inscrit-Actif');
--Row 43
INSERT INTO INSCRIPTION (ID_ETUDIANT, ID_COURS_OFFERT, DATE_INSCRIPTION, STATUT) VALUES ('NNYFERDIAM23X','FR3-A23-GROUP1',to_date('06/23/2023', 'MM/DD/RRRR'),'Inscrit-Actif');
--Row 44
INSERT INTO INSCRIPTION (ID_ETUDIANT, ID_COURS_OFFERT, DATE_INSCRIPTION, STATUT) VALUES ('AMJACOB2345YTD','FR1-E22-GROUP1',to_date('04/15/2022', 'MM/DD/RRRR'),'Inscrit-Actif');
--Row 45
INSERT INTO INSCRIPTION (ID_ETUDIANT, ID_COURS_OFFERT, DATE_INSCRIPTION, STATUT) VALUES ('AMJACOB2345YTD','FR2-A22-GROUP1',to_date('06/20/2022', 'MM/DD/RRRR'),'Inscrit-Actif');
--Row 46
INSERT INTO INSCRIPTION (ID_ETUDIANT, ID_COURS_OFFERT, DATE_INSCRIPTION, STATUT) VALUES ('AMJACOB2345YTD','FR3-A23-GROUP1',to_date('06/23/2023', 'MM/DD/RRRR'),'Inscrit-Actif');
--Row 47
INSERT INTO INSCRIPTION (ID_ETUDIANT, ID_COURS_OFFERT, DATE_INSCRIPTION, STATUT) VALUES ('OLOUIS2356DEFTS','FR1-E22-GROUP1',to_date('04/15/2022', 'MM/DD/RRRR'),'Inscrit-Actif');
--Row 48
INSERT INTO INSCRIPTION (ID_ETUDIANT, ID_COURS_OFFERT, DATE_INSCRIPTION, STATUT) VALUES ('OLOUIS2356DEFTS','FR2-A22-GROUP2',to_date('06/20/2022', 'MM/DD/RRRR'),'Inscrit-Actif');
--Row 49
INSERT INTO INSCRIPTION (ID_ETUDIANT, ID_COURS_OFFERT, DATE_INSCRIPTION, STATUT) VALUES ('OLOUIS2356DEFTS','FR3-A23-GROUP1',to_date('06/23/2023', 'MM/DD/RRRR'),'Inscrit-Actif');
--Row 50
INSERT INTO INSCRIPTION (ID_ETUDIANT, ID_COURS_OFFERT, DATE_INSCRIPTION, STATUT) VALUES ('OMASNATHAN200F','ES1-H22-GROUP1',to_date('11/17/2021', 'MM/DD/RRRR'),'Inscrit-Actif');
--Row 51
INSERT INTO INSCRIPTION (ID_ETUDIANT, ID_COURS_OFFERT, DATE_INSCRIPTION, STATUT) VALUES ('OMASNATHAN200F','ES2-A22-GROUP1',to_date('06/22/2023', 'MM/DD/RRRR'),'Inscrit-Actif');
--Row 52
INSERT INTO INSCRIPTION (ID_ETUDIANT, ID_COURS_OFFERT, DATE_INSCRIPTION, STATUT) VALUES ('OMASNATHAN200F','EN1-H22-GROUP1',to_date('11/17/2021', 'MM/DD/RRRR'),'Inscrit-Actif');
--Row 53
INSERT INTO INSCRIPTION (ID_ETUDIANT, ID_COURS_OFFERT, DATE_INSCRIPTION, STATUT) VALUES ('OMASNATHAN200F','EN2-A22-GROUP1',to_date('06/21/2022', 'MM/DD/RRRR'),'Inscrit-Actif');
--Row 54
INSERT INTO INSCRIPTION (ID_ETUDIANT, ID_COURS_OFFERT, DATE_INSCRIPTION, STATUT) VALUES ('OMASNATHAN200F','EN3-A23-GROUP1',to_date('06/21/2023', 'MM/DD/RRRR'),'Désinscrit');
--Row 55
INSERT INTO INSCRIPTION (ID_ETUDIANT, ID_COURS_OFFERT, DATE_INSCRIPTION, STATUT) VALUES ('OMASNATHAN200F','FR1-E22-GROUP1',to_date('04/15/2022', 'MM/DD/RRRR'),'Inscrit-Actif');
--Row 56
INSERT INTO INSCRIPTION (ID_ETUDIANT, ID_COURS_OFFERT, DATE_INSCRIPTION, STATUT) VALUES ('OMASNATHAN200F','FR2-A22-GROUP2',to_date('06/20/2022', 'MM/DD/RRRR'),'Inscrit-Actif');
--Row 57
INSERT INTO INSCRIPTION (ID_ETUDIANT, ID_COURS_OFFERT, DATE_INSCRIPTION, STATUT) VALUES ('OMASNATHAN200F','FR3-A23-GROUP1',to_date('06/21/2023', 'MM/DD/RRRR'),'Inscrit-Actif');
--Row 58
INSERT INTO INSCRIPTION (ID_ETUDIANT, ID_COURS_OFFERT, DATE_INSCRIPTION, STATUT) VALUES ('LLIAMARTHUR984A','FR1-H22-GROUP2',to_date('11/17/2021', 'MM/DD/RRRR'),'Inscrit-Actif');
--Row 59
INSERT INTO INSCRIPTION (ID_ETUDIANT, ID_COURS_OFFERT, DATE_INSCRIPTION, STATUT) VALUES ('LLIAMARTHUR984A','FR2-A22-GROUP2',to_date('06/20/2022', 'MM/DD/RRRR'),'Inscrit-Actif');
--Row 60
INSERT INTO INSCRIPTION (ID_ETUDIANT, ID_COURS_OFFERT, DATE_INSCRIPTION, STATUT) VALUES ('LLIAMARTHUR984A','FR3-A23-GROUP1',to_date('06/13/2023', 'MM/DD/RRRR'),'Inscrit-Actif');
--Row 61
INSERT INTO INSCRIPTION (ID_ETUDIANT, ID_COURS_OFFERT, DATE_INSCRIPTION, STATUT) VALUES ('LLIAMARTHUR984A','EN2-H22-GROUP1',to_date('11/17/2021', 'MM/DD/RRRR'),'Inscrit-Inactif');
--Row 62
INSERT INTO INSCRIPTION (ID_ETUDIANT, ID_COURS_OFFERT, DATE_INSCRIPTION, STATUT) VALUES ('ICECHARLOTTE23J','EN2-H22-GROUP1',to_date('11/17/2021', 'MM/DD/RRRR'),'Inscrit-Actif');
--Row 63
INSERT INTO INSCRIPTION (ID_ETUDIANT, ID_COURS_OFFERT, DATE_INSCRIPTION, STATUT) VALUES ('ICECHARLOTTE23J','EN3-A23-GROUP1',to_date('06/13/2023', 'MM/DD/RRRR'),'Désinscrit');
--Row 64
INSERT INTO INSCRIPTION (ID_ETUDIANT, ID_COURS_OFFERT, DATE_INSCRIPTION, STATUT) VALUES ('ORENCELIVIA937W','FR1-H22-GROUP1',to_date('11/17/2021', 'MM/DD/RRRR'),'Inscrit-Actif');
--Row 65
INSERT INTO INSCRIPTION (ID_ETUDIANT, ID_COURS_OFFERT, DATE_INSCRIPTION, STATUT) VALUES ('ORENCELIVIA937W','FR1-E22-GROUP1',to_date('04/15/2022', 'MM/DD/RRRR'),'Inscrit-Actif');
--Row 66
INSERT INTO INSCRIPTION (ID_ETUDIANT, ID_COURS_OFFERT, DATE_INSCRIPTION, STATUT) VALUES ('ORENCELIVIA937W','FR2-A22-GROUP1',to_date('06/20/2022', 'MM/DD/RRRR'),'Inscrit-Actif');
--Row 67
INSERT INTO INSCRIPTION (ID_ETUDIANT, ID_COURS_OFFERT, DATE_INSCRIPTION, STATUT) VALUES ('ORENCELIVIA937W','FR3-A23-GROUP1',to_date('06/13/2023', 'MM/DD/RRRR'),'Inscrit-Actif');
--Row 68
INSERT INTO INSCRIPTION (ID_ETUDIANT, ID_COURS_OFFERT, DATE_INSCRIPTION, STATUT) VALUES ('MMALEA1593DEFU','FR1-E22-GROUP1',to_date('04/15/2022', 'MM/DD/RRRR'),'Inscrit-Actif');
--Row 69
INSERT INTO INSCRIPTION (ID_ETUDIANT, ID_COURS_OFFERT, DATE_INSCRIPTION, STATUT) VALUES ('MMALEA1593DEFU','FR2-A22-GROUP2',to_date('06/20/2022', 'MM/DD/RRRR'),'Inscrit-Actif');
--Row 70
INSERT INTO INSCRIPTION (ID_ETUDIANT, ID_COURS_OFFERT, DATE_INSCRIPTION, STATUT) VALUES ('MMALEA1593DEFU','FR3-A23-GROUP1',to_date('06/13/2023', 'MM/DD/RRRR'),'Inscrit-Actif');
--Row 71
INSERT INTO INSCRIPTION (ID_ETUDIANT, ID_COURS_OFFERT, DATE_INSCRIPTION, STATUT) VALUES ('IVIABEATRICE285X','FR1-H22-GROUP1',to_date('11/17/2021', 'MM/DD/RRRR'),'Inscrit-Actif');
--Row 72
INSERT INTO INSCRIPTION (ID_ETUDIANT, ID_COURS_OFFERT, DATE_INSCRIPTION, STATUT) VALUES ('IVIABEATRICE285X','FR2-A22-GROUP1',to_date('06/20/2022', 'MM/DD/RRRR'),'Inscrit-Inactif');
--Row 73
INSERT INTO INSCRIPTION (ID_ETUDIANT, ID_COURS_OFFERT, DATE_INSCRIPTION, STATUT) VALUES ('IVIABEATRICE285X','FR2-H23-GROUP1',to_date('11/21/2022', 'MM/DD/RRRR'),'Inscrit-Actif');
--Row 74
INSERT INTO INSCRIPTION (ID_ETUDIANT, ID_COURS_OFFERT, DATE_INSCRIPTION, STATUT) VALUES ('IVIABEATRICE285X','FR3-A23-GROUP1',to_date('06/17/2023', 'MM/DD/RRRR'),'Inscrit-Actif');
